districts,statecode,vaccinated1,vaccinated2,confirmed,recovered,deceased,tested,other
Nicobars,AN,62,811,0,0,0,0,0
North and Middle Andaman,AN,90,1839,0,0,0,0,0
South Andaman,AN,732,8012,0,0,0,0,0
Unknown,AN,0,0,3,5,0,0,0
Anantapur,AP,92803,140903,38,58,0,0,0
Chittoor,AP,63824,119541,516,629,6,0,0
East Godavari,AP,36973,223236,604,520,0,0,0
Guntur,AP,285377,156818,272,619,4,0,0
Krishna,AP,75352,230788,422,467,9,0,0
Kurnool,AP,178620,73119,25,26,0,0,0
Prakasam,AP,137338,130213,103,290,3,0,0
S.P.S. Nellore,AP,96973,114393,155,235,2,0,0
Srikakulam,AP,18883,129575,132,72,0,0,0
Visakhapatnam,AP,65301,207340,237,227,1,0,0
Vizianagaram,AP,44847,123576,53,38,1,0,0
West Godavari,AP,61021,146562,234,246,4,0,0
Y.S.R. Kadapa,AP,65843,90958,82,163,0,0,0
Anjaw,AR,45,452,0,0,0,0,0
Changlang,AR,298,3803,3,3,0,0,0
East Kameng,AR,76,409,0,0,0,0,0
East Siang,AR,365,2013,9,10,0,0,0
Kamle,AR,36,185,0,0,0,0,0
Kra Daadi,AR,5,23,0,0,0,0,0
Kurung Kumey,AR,27,255,0,0,0,0,0
Lepa Rada,AR,40,307,0,1,0,0,0
Lohit,AR,221,1494,9,3,0,0,0
Longding,AR,46,356,1,0,0,0,0
Lower Dibang Valley,AR,171,931,14,3,0,0,0
Lower Siang,AR,37,317,0,0,0,0,0
Lower Subansiri,AR,85,767,5,2,0,0,0
Namsai,AR,209,2436,4,16,0,0,0
Pakke Kessang,AR,25,262,0,0,0,0,0
Papum Pare,AR,1055,3799,7,12,0,0,0
Shi Yomi,AR,2,153,1,10,0,0,0
Siang,AR,40,197,0,0,0,0,0
Tawang,AR,91,759,12,8,0,0,0
Tirap,AR,35,631,0,2,0,0,0
Upper Dibang Valley,AR,3,11,0,1,0,0,0
Upper Siang,AR,38,411,0,2,0,0,0
Upper Subansiri,AR,93,1122,0,0,0,0,0
West Kameng,AR,206,1914,1,21,0,0,0
West Siang,AR,63,640,0,3,0,0,0
Baksa,AS,2992,15169,0,0,0,0,0
Barpeta,AS,10495,48544,0,0,0,0,0
Biswanath,AS,5661,35727,0,0,0,0,0
Bongaigaon,AS,2784,18356,0,0,0,0,0
Cachar,AS,26826,21591,0,0,0,0,0
Charaideo,AS,1853,16868,0,0,0,0,0
Chirang,AS,2488,9573,0,0,0,0,0
Darrang,AS,17453,21800,0,0,0,0,0
Dhemaji,AS,3423,15318,0,0,0,0,0
Dhubri,AS,12450,25644,0,0,0,0,0
Dibrugarh,AS,8869,38695,0,0,0,0,0
Dima Hasao,AS,2532,3737,0,0,0,0,0
Goalpara,AS,4013,30725,0,0,0,0,0
Golaghat,AS,6525,51417,0,0,0,0,0
Hailakandi,AS,1724,11247,0,0,0,0,0
Hojai,AS,6217,36724,0,0,0,0,0
Jorhat,AS,3383,39677,0,0,0,0,0
Kamrup,AS,10451,45828,0,0,0,0,0
Kamrup Metropolitan,AS,6625,38155,0,0,0,0,0
Karbi Anglong,AS,13744,12778,0,0,0,0,0
Karimganj,AS,5088,20659,0,0,0,0,0
Kokrajhar,AS,3935,19711,0,0,0,0,0
Lakhimpur,AS,5870,42164,0,0,0,0,0
Majuli,AS,1524,7176,0,0,0,0,0
Morigaon,AS,5298,27861,0,0,0,0,0
Nagaon,AS,16396,36734,0,0,0,0,0
Nalbari,AS,6785,25411,0,0,0,0,0
Sivasagar,AS,1946,23104,0,0,0,0,0
Sonitpur,AS,8341,48290,0,0,0,0,0
South Salmara Mankachar,AS,1978,15304,0,0,0,0,0
Tinsukia,AS,45002,22410,0,0,0,0,0
Udalguri,AS,17371,19343,0,0,0,0,0
Unknown,AS,0,0,2056,2215,24,0,0
West Karbi Anglong,AS,4593,4186,0,0,0,0,0
Araria,BR,51331,69085,2,0,0,0,0
Arwal,BR,4059,17125,0,0,0,0,0
Aurangabad,BR,25561,56431,0,0,0,0,0
Banka,BR,24239,34077,0,0,0,0,0
Begusarai,BR,33903,65735,2,7,0,0,0
Bhagalpur,BR,49875,78088,1,1,0,0,0
Bhojpur,BR,31626,53006,0,0,0,0,0
Buxar,BR,14794,38792,0,0,0,0,0
Darbhanga,BR,39165,82276,0,1,0,0,0
East Champaran,BR,29316,84760,2,0,0,0,0
Gaya,BR,72504,82490,0,1,0,0,0
Gopalganj,BR,31750,70093,0,1,0,0,0
Jamui,BR,24440,24005,0,1,0,0,0
Jehanabad,BR,12986,27200,0,0,0,0,0
Kaimur,BR,19996,28681,0,0,0,0,0
Katihar,BR,53448,75733,0,1,0,0,0
Khagaria,BR,15402,32372,0,0,0,0,0
Kishanganj,BR,24597,25592,4,2,0,0,0
Lakhisarai,BR,8894,16437,0,0,0,0,0
Madhepura,BR,28832,43563,1,0,0,0,0
Madhubani,BR,28535,69785,3,0,0,0,0
Munger,BR,7445,33005,0,1,0,0,0
Muzaffarpur,BR,40686,80513,0,1,0,0,0
Nalanda,BR,36716,66091,0,0,0,0,0
Nawada,BR,46619,35295,1,0,0,0,0
Patna,BR,35436,159875,14,8,0,0,0
Purnia,BR,61212,74531,0,0,0,0,0
Rohtas,BR,40918,59698,2,0,0,0,0
Saharsa,BR,106392,80718,0,0,0,0,0
Samastipur,BR,48167,64119,2,2,0,0,0
Saran,BR,41734,82407,5,2,0,0,0
Sheikhpura,BR,4942,10739,0,0,0,0,0
Sheohar,BR,2946,7111,0,2,0,0,0
Sitamarhi,BR,43474,60677,0,0,0,0,0
Siwan,BR,18385,69069,0,0,0,0,0
Supaul,BR,35486,71754,0,0,0,0,0
Vaishali,BR,45426,59038,1,0,0,0,0
West Champaran,BR,42709,52019,0,0,0,0,0
Chandigarh,CH,3680,21641,28,20,0,10726,0
Balod,CT,5983,9451,2,1,0,0,0
Baloda Bazar,CT,25353,17419,0,3,0,0,0
Balrampur,CT,21912,17709,0,0,0,0,0
Bametara,CT,14367,7690,1,0,0,0,0
Bastar,CT,10696,9616,24,2,0,0,0
Bijapur,CT,1251,913,5,3,0,0,0
Bilaspur,CT,18318,50320,17,8,2,0,0
Dakshin Bastar Dantewada,CT,2225,5410,6,2,0,0,0
Dhamtari,CT,6188,7319,2,2,0,0,0
Durg,CT,17012,22719,26,18,1,0,0
Gariaband,CT,9982,5872,1,0,0,0,0
Gaurela Pendra Marwahi,CT,4045,4587,1,0,0,0,0
Janjgir Champa,CT,45568,30991,19,8,1,0,0
Jashpur,CT,10933,13098,10,6,0,0,0
Kabeerdham,CT,17511,17876,1,0,0,0,0
Kondagaon,CT,8359,7999,4,1,0,0,0
Korba,CT,24033,24911,23,11,0,0,0
Koriya,CT,15621,5751,6,0,1,0,0
Mahasamund,CT,4416,72466,0,1,0,0,0
Mungeli,CT,15254,12880,1,2,0,0,0
Narayanpur,CT,3057,1858,0,1,0,0,0
Other State,CT,0,0,4,3,0,0,0
Raigarh,CT,5114,122838,8,8,0,0,0
Raipur,CT,10441,40794,33,15,0,0,0
Rajnandgaon,CT,15753,25270,5,3,0,0,0
Sukma,CT,3208,5401,1,4,0,0,0
Surajpur,CT,13506,13873,0,0,0,0,0
Surguja,CT,29827,33226,2,0,0,0,0
Uttar Bastar Kanker,CT,17930,14621,3,1,0,0,0
Delhi,DL,160323,269146,267,239,0,395086,0
Dadra and Nagar Haveli,DN,870,6759,0,0,0,0,0
Daman,DN,1880,6793,0,2,0,0,0
Diu,DN,52,690,0,0,0,0,0
North Goa,GA,4007,23958,0,0,0,0,0
South Goa,GA,4401,22504,0,0,0,0,0
Unknown,GA,0,0,222,409,6,0,0
Ahmedabad,GJ,47316,169891,22,14,0,0,0
Amreli,GJ,5473,39398,0,0,0,0,0
Anand,GJ,33012,46764,6,1,0,0,0
Aravalli,GJ,1439,32201,0,0,0,0,0
Banaskantha,GJ,16080,82985,0,0,0,0,0
Bharuch,GJ,21270,45926,0,0,0,0,0
Bhavnagar,GJ,19467,81374,1,0,0,0,0
Botad,GJ,929,14235,0,0,0,0,0
Chhota Udaipur,GJ,699,19920,0,0,0,0,0
Dahod,GJ,626,53547,0,0,0,0,0
Dang,GJ,4140,3726,0,0,0,0,0
Devbhumi Dwarka,GJ,4666,24924,0,0,0,0,0
Gandhinagar,GJ,5475,36333,0,0,0,0,0
Gir Somnath,GJ,8524,15341,2,2,0,0,0
Jamnagar,GJ,9406,37158,5,3,0,0,0
Junagadh,GJ,2660,71531,6,2,0,0,0
Kheda,GJ,11668,73838,0,1,0,0,0
Kutch,GJ,8920,49662,5,1,0,0,0
Mahisagar,GJ,62,16517,0,0,0,0,0
Mehsana,GJ,7523,48550,0,1,0,0,0
Morbi,GJ,9950,20297,0,0,0,0,0
Narmada,GJ,546,13890,0,2,0,0,0
Navsari,GJ,1852,29095,5,13,0,0,0
Panchmahal,GJ,7294,44832,0,0,0,0,0
Patan,GJ,3369,37745,0,0,0,0,0
Porbandar,GJ,1140,13063,0,0,0,0,0
Rajkot,GJ,17510,53546,7,7,0,0,0
Sabarkantha,GJ,4232,45789,1,0,0,0,0
Surat,GJ,35083,115694,38,30,1,0,0
Surendranagar,GJ,18641,79795,0,0,0,0,0
Tapi,GJ,3010,23409,0,0,0,0,0
Vadodara,GJ,16527,182027,36,14,0,0,0
Valsad,GJ,6616,36430,25,25,1,0,0
Bilaspur,HP,695,15071,133,77,0,0,0
Chamba,HP,1439,18796,27,13,0,0,0
Hamirpur,HP,713,26076,288,228,4,0,0
Kangra,HP,2399,39940,657,454,10,0,0
Kinnaur,HP,95,517,2,6,0,0,0
Kullu,HP,889,9323,19,18,0,0,-1
Lahaul and Spiti,HP,30,412,0,0,0,0,0
Mandi,HP,1156,26214,140,141,3,0,0
Shimla,HP,2224,37351,100,66,3,0,0
Sirmaur,HP,1388,22247,1,0,0,0,0
Solan,HP,1393,21242,25,27,0,0,0
Una,HP,824,16782,145,124,0,0,0
Ambala,HR,3021,25458,2,1,0,0,0
Bhiwani,HR,6166,25664,0,0,0,0,0
Charkhi Dadri,HR,941,11884,0,2,0,0,0
Faridabad,HR,17515,30156,18,7,0,0,0
Fatehabad,HR,1800,7458,0,0,0,0,0
Gurugram,HR,20221,48107,55,48,0,0,0
Hisar,HR,5821,12364,2,0,0,0,0
Jhajjar,HR,8229,19599,1,0,0,0,0
Jind,HR,13366,21662,1,0,0,0,0
Kaithal,HR,4183,11836,0,2,0,0,0
Karnal,HR,8109,23328,1,0,0,0,0
Kurukshetra,HR,4064,9522,1,1,0,0,0
Mahendragarh,HR,4857,10632,0,0,0,0,0
Nuh,HR,10812,3789,0,0,0,0,0
Palwal,HR,7558,9496,0,0,0,0,0
Panchkula,HR,1786,10743,10,12,0,0,0
Panipat,HR,7950,12888,1,0,0,0,0
Rewari,HR,2550,9877,0,4,0,0,0
Rohtak,HR,11409,17219,0,1,0,0,0
Sirsa,HR,4263,8228,3,2,0,0,0
Sonipat,HR,9421,21065,0,1,0,0,0
Yamunanagar,HR,6471,16554,0,6,0,0,0
Bokaro,JH,27554,34375,15,13,0,0,0
Chatra,JH,5946,11402,0,0,0,0,0
Deoghar,JH,9801,19008,2,1,0,0,0
Dhanbad,JH,33374,34095,24,13,0,0,0
Dumka,JH,12679,22872,2,2,0,0,0
East Singhbhum,JH,11994,29238,47,42,2,0,0
Garhwa,JH,17210,15386,6,7,0,0,0
Giridih,JH,16994,29823,0,0,0,0,0
Godda,JH,7385,16537,1,1,0,0,0
Gumla,JH,4900,8696,5,0,0,0,0
Hazaribagh,JH,11940,21857,3,3,0,0,0
Jamtara,JH,9614,12331,4,3,1,0,0
Khunti,JH,3335,3834,0,0,0,0,0
Koderma,JH,3393,11488,0,0,0,0,0
Latehar,JH,9565,7719,0,0,0,0,0
Lohardaga,JH,3444,3563,0,2,0,0,0
Pakur,JH,9945,9107,0,0,0,0,0
Palamu,JH,21657,37375,0,0,0,0,0
Ramgarh,JH,5306,10927,7,0,0,0,0
Ranchi,JH,35099,38856,182,228,0,0,0
Sahibganj,JH,10449,13687,0,0,0,0,0
Saraikela-Kharsawan,JH,11215,12399,0,0,0,0,0
Simdega,JH,1694,4126,0,0,0,0,0
Unknown,JH,0,0,-166,-70,0,0,0
West Singhbhum,JH,12587,16980,5,5,0,0,0
Anantnag,JK,1472,30949,10,12,0,0,0
Bandipora,JK,349,6835,13,19,0,0,0
Baramulla,JK,1665,29357,96,64,0,0,0
Budgam,JK,1409,22456,63,53,0,0,0
Doda,JK,1065,19212,18,26,0,0,0
Ganderbal,JK,370,9271,31,12,0,0,0
Jammu,JK,4121,16781,20,37,0,0,0
Kathua,JK,1867,22270,0,5,1,0,0
Kishtwar,JK,3948,3385,1,0,0,0,0
Kulgam,JK,632,20244,2,5,0,0,0
Kupwara,JK,3959,42820,25,25,0,0,0
Pulwama,JK,1021,16829,5,5,0,0,0
Punch,JK,695,27765,7,14,0,0,0
Rajouri,JK,1247,9544,4,7,0,0,0
Ramban,JK,1498,10369,3,0,0,0,0
Reasi,JK,1644,15636,4,10,0,0,0
Samba,JK,1207,6224,0,2,0,0,0
Shopiyan,JK,139,7669,0,0,0,0,0
Srinagar,JK,2788,80075,305,274,2,0,0
Udhampur,JK,2420,14763,4,2,0,0,0
Bagalkote,KA,57683,22844,0,0,0,0,0
Ballari,KA,54006,84805,9,14,0,0,0
Belagavi,KA,39701,98350,20,21,1,0,0
Bengaluru Rural,KA,5196,22700,23,27,2,0,0
Bengaluru Urban,KA,48836,247281,1165,1093,37,0,0
Bidar,KA,13739,30558,0,5,0,0,0
Chamarajanagara,KA,2102,36658,6,15,0,0,0
Chikkaballapura,KA,4700,19860,11,8,3,0,0
Chikkamagaluru,KA,4830,13010,28,93,0,0,0
Chitradurga,KA,45062,47252,17,12,0,0,0
Dakshina Kannada,KA,5124,38765,192,193,9,0,0
Davanagere,KA,7079,28149,10,11,1,0,0
Dharwad,KA,24515,35313,4,10,3,0,0
Gadag,KA,12373,16257,0,0,0,0,0
Hassan,KA,5434,26697,147,125,5,0,0
Haveri,KA,8794,36386,1,2,1,0,0
Kalaburagi,KA,35135,44220,9,5,0,0,0
Kodagu,KA,1558,12680,112,67,0,0,0
Kolar,KA,13745,34211,18,31,3,0,0
Koppal,KA,16045,33794,1,5,0,0,0
Mandya,KA,5411,28944,48,36,0,0,0
Mysuru,KA,46664,111457,234,247,7,0,0
Raichur,KA,19900,34897,1,4,0,0,0
Ramanagara,KA,6303,28767,8,10,2,0,0
Shivamogga,KA,23220,47086,30,66,0,0,0
Tumakuru,KA,31038,66650,136,112,1,0,0
Udupi,KA,2422,27889,49,75,0,0,0
Uttara Kannada,KA,3955,32067,66,48,0,0,0
Vijayapura,KA,59571,50033,2,2,0,0,0
Yadgir,KA,18060,15460,0,2,0,0,0
Alappuzha,KL,5337,51712,2035,2526,228,0,0
Ernakulam,KL,13018,91762,7647,8539,742,0,0
Idukki,KL,2211,27218,2876,1866,71,0,0
Kannur,KL,7636,71089,2611,3143,301,0,0
Kasaragod,KL,4942,24290,1054,1082,31,0,0
Kollam,KL,7368,62100,4753,6283,161,0,0
Kottayam,KL,5298,58083,4187,1611,101,0,0
Kozhikode,KL,11449,57479,5386,5059,513,0,0
Malappuram,KL,20840,52896,2634,2929,108,0,0
Palakkad,KL,8712,57261,2560,2544,175,0,0
Pathanamthitta,KL,2637,29343,2953,2635,122,0,0
Thiruvananthapuram,KL,9284,89297,7056,4851,118,0,0
Thrissur,KL,8853,87643,5751,3647,388,0,0
Wayanad,KL,2223,32359,1823,1691,30,0,0
Kargil,LA,205,748,4,0,0,0,0
Leh,LA,320,785,54,28,0,0,0
Lakshadweep,LD,69,796,0,0,0,1625,0
Ahmednagar,MH,44180,28319,866,728,26,0,0
Akola,MH,26579,10081,3,7,0,0,0
Amravati,MH,29961,21747,3,0,0,0,0
Aurangabad,MH,46323,34109,156,157,1,0,0
Beed,MH,34333,24584,69,35,5,0,0
Bhandara,MH,5080,16415,0,1,0,0,0
Buldhana,MH,34272,24089,16,16,1,0,0
Chandrapur,MH,22248,18994,7,0,0,0,0
Dhule,MH,23261,19364,5,4,0,0,0
Gadchiroli,MH,14790,10994,2,5,0,0,0
Gondia,MH,8593,23092,2,3,0,0,0
Hingoli,MH,42054,16145,0,3,0,0,0
Jalgaon,MH,37870,21599,4,11,0,0,0
Jalna,MH,112537,35713,15,47,0,0,0
Kolhapur,MH,19104,23088,55,115,2,0,0
Latur,MH,82644,33519,39,0,3,0,0
Mumbai,MH,98915,219736,2242,2604,34,0,7
Nagpur,MH,58567,71818,35,43,0,0,0
Nanded,MH,144423,41697,28,22,0,0,0
Nandurbar,MH,19572,12517,2,1,0,0,0
Nashik,MH,143768,58112,456,519,12,0,0
Osmanabad,MH,44954,11658,89,154,1,0,0
Palghar,MH,32112,39231,204,326,0,0,0
Parbhani,MH,44477,20480,13,9,1,0,0
Pune,MH,85256,136336,1536,5294,20,0,0
Raigad,MH,21737,31684,267,359,10,0,0
Ratnagiri,MH,10880,7924,91,160,4,0,0
Sangli,MH,11974,19041,155,375,4,0,0
Satara,MH,16690,30950,157,501,17,0,0
Sindhudurg,MH,3915,5195,91,259,4,0,0
Solapur,MH,77398,34204,253,370,11,0,0
Thane,MH,108643,120708,1241,3002,44,0,0
Wardha,MH,16481,14040,5,4,0,0,0
Washim,MH,30932,19238,4,5,0,0,0
Yavatmal,MH,56233,26091,6,7,0,0,0
East Garo Hills,ML,482,1424,5,2,0,0,0
East Jaintia Hills,ML,483,2964,2,3,0,0,0
East Khasi Hills,ML,1847,10698,171,286,2,0,0
North Garo Hills,ML,596,3614,3,2,0,0,0
Ribhoi,ML,884,3492,14,23,0,0,0
South Garo Hills,ML,329,1346,0,1,0,0,0
South West Garo Hills,ML,924,4509,3,3,0,0,0
South West Khasi Hills,ML,61,552,6,1,0,0,0
West Garo Hills,ML,1409,8093,8,11,0,0,0
West Jaintia Hills,ML,411,3480,11,31,2,0,0
West Khasi Hills,ML,443,1763,33,97,0,0,0
Bishnupur,MN,685,8679,0,0,0,0,0
Chandel,MN,98,1337,0,0,0,0,0
Churachandpur,MN,345,3560,0,0,0,0,0
Imphal East,MN,2402,19169,0,0,0,0,0
Imphal West,MN,1861,17353,0,0,0,0,0
Jiribam,MN,70,1927,0,0,0,0,0
Kakching,MN,214,2450,0,0,0,0,0
Kamjong,MN,129,736,0,0,0,0,0
Kangpokpi,MN,291,1472,0,0,0,0,0
Noney,MN,98,1211,0,0,0,0,0
Pherzawl,MN,55,711,0,0,0,0,0
Senapati,MN,425,1940,0,0,0,0,0
Tamenglong,MN,174,1204,0,0,0,0,0
Tengnoupal,MN,93,1176,0,0,0,0,0
Thoubal,MN,378,6574,0,0,0,0,0
Ukhrul,MN,362,1775,0,0,0,0,0
Unknown,MN,0,0,439,652,10,0,0
Agar Malwa,MP,965,16911,0,0,0,0,0
Alirajpur,MP,921,8076,0,0,0,0,0
Anuppur,MP,995,18360,0,0,0,0,0
Ashoknagar,MP,1258,17334,0,0,0,0,0
Balaghat,MP,15838,71692,2,0,0,0,0
Barwani,MP,1615,16619,0,0,0,0,0
Betul,MP,2361,31953,1,0,0,0,0
Bhind,MP,1525,30042,0,0,0,0,0
Bhopal,MP,4130,38750,38,0,0,0,0
Burhanpur,MP,762,6561,0,0,0,0,0
Chhatarpur,MP,3103,27937,0,0,0,0,0
Chhindwara,MP,4654,93453,2,0,0,0,0
Damoh,MP,4298,52314,0,0,0,0,0
Datia,MP,1963,45226,0,0,0,0,0
Dewas,MP,1804,22992,0,0,0,0,0
Dhar,MP,5034,83699,7,0,0,0,0
Dindori,MP,1342,21481,0,0,0,0,0
Guna,MP,3347,32837,0,0,0,0,0
Gwalior,MP,8800,41193,2,0,0,0,0
Harda,MP,1075,24810,0,0,0,0,0
Hoshangabad,MP,1498,39507,0,0,0,0,0
Indore,MP,4233,45203,39,0,0,0,0
Jabalpur,MP,5968,156306,3,0,0,0,0
Jhabua,MP,3578,21040,1,0,0,0,0
Katni,MP,2926,42360,0,0,0,0,0
Khandwa,MP,880,13668,0,0,0,0,0
Khargone,MP,3049,32932,0,0,0,0,0
Mandla,MP,2286,53670,0,0,0,0,0
Mandsaur,MP,2058,37337,0,0,0,0,0
Morena,MP,2814,112629,0,0,0,0,0
Narsinghpur,MP,1266,34365,5,0,0,0,0
Neemuch,MP,970,17955,0,0,0,0,0
Panna,MP,2633,18657,0,0,0,0,0
Raisen,MP,1644,22044,0,0,0,0,0
Rajgarh,MP,2483,41531,1,0,0,0,0
Ratlam,MP,1894,51080,0,0,0,0,0
Rewa,MP,6664,104963,0,0,0,0,0
Sagar,MP,6321,60800,2,0,0,0,0
Satna,MP,3426,40519,0,0,0,0,0
Sehore,MP,2325,32101,0,0,0,0,0
Seoni,MP,2162,38081,0,0,0,0,0
Shahdol,MP,857,22928,0,0,0,0,0
Shajapur,MP,1971,51596,0,0,0,0,0
Sheopur,MP,1338,16952,0,0,0,0,0
Shivpuri,MP,3082,38901,0,0,0,0,0
Sidhi,MP,1867,19145,0,0,0,0,0
Singrauli,MP,3052,21200,1,0,0,0,0
Tikamgarh,MP,3331,24497,0,0,0,0,0
Ujjain,MP,4210,65566,1,0,0,0,0
Umaria,MP,955,28084,0,0,0,0,0
Unknown,MP,0,0,0,74,1,0,0
Vidisha,MP,1222,26130,0,0,0,0,0
Aizawl,MZ,443,3740,1996,3014,6,0,0
Champhai,MZ,344,572,299,319,3,0,0
Hnahthial,MZ,0,0,143,185,0,0,0
Khawzawl,MZ,0,0,42,26,0,0,0
Kolasib,MZ,153,738,94,154,0,0,0
Lawngtlai,MZ,2765,1838,98,245,1,0,0
Lunglei,MZ,263,1493,662,507,1,0,0
Mamit,MZ,228,1322,241,265,5,0,0
Saiha,MZ,68,1116,107,345,5,0,0
Saitual,MZ,0,0,30,53,0,0,0
Serchhip,MZ,36,431,386,572,0,0,0
Dimapur,NL,2827,12731,68,73,2,0,10
Kiphire,NL,116,357,2,1,0,0,0
Kohima,NL,509,3038,23,24,0,0,2
Longleng,NL,26,181,0,7,0,0,0
Mokokchung,NL,146,2026,23,5,2,0,0
Mon,NL,243,1864,1,0,0,0,0
Peren,NL,189,613,1,1,0,0,0
Phek,NL,99,496,4,1,0,0,1
Tuensang,NL,106,525,2,28,1,0,0
Wokha,NL,122,1074,6,4,0,0,0
Zunheboto,NL,331,807,0,0,1,0,0
Angul,OR,21629,23378,16,20,2,0,0
Balangir,OR,20119,39059,4,15,0,0,0
Balasore,OR,78274,35314,67,80,1,0,0
Bargarh,OR,52192,32028,18,16,0,0,0
Bhadrak,OR,14511,38206,44,39,1,0,0
Boudh,OR,7009,16754,0,4,0,0,0
Cuttack,OR,75381,45717,277,304,1,0,0
Deogarh,OR,1126,4779,41,10,0,0,0
Dhenkanal,OR,18302,23327,25,16,0,0,0
Gajapati,OR,4770,10942,15,11,0,0,0
Ganjam,OR,27002,112716,22,18,0,0,0
Jagatsinghpur,OR,28276,25051,76,78,1,0,0
Jajpur,OR,30726,37471,75,73,0,0,0
Jharsuguda,OR,7187,14725,13,10,0,0,0
Kalahandi,OR,38214,26926,15,1,0,0,0
Kandhamal,OR,12881,12319,0,5,0,0,0
Kendrapara,OR,28635,34297,62,52,1,0,0
Kendujhar,OR,25529,46488,4,3,2,0,0
Khordha,OR,34733,49859,1492,1654,8,0,0
Koraput,OR,13011,35701,11,20,0,0,0
Malkangiri,OR,13449,16141,2,4,0,0,0
Mayurbhanj,OR,86170,36315,126,93,5,0,0
Nabarangapur,OR,13213,18025,1,2,0,0,0
Nayagarh,OR,7145,22575,28,24,1,0,0
Nuapada,OR,3391,14721,36,5,0,0,0
Puri,OR,25187,40854,68,69,1,0,0
Rayagada,OR,5781,16558,18,16,0,0,0
Sambalpur,OR,8960,31518,88,113,0,0,0
State Pool,OR,0,0,338,401,0,0,0
Subarnapur,OR,8102,31803,5,3,0,0,0
Sundargarh,OR,19935,22587,59,71,0,0,0
Amritsar,PB,23376,18084,23,9,2,0,0
Barnala,PB,9552,5253,2,0,0,0,0
Bathinda,PB,8246,6940,15,8,0,0,0
Faridkot,PB,3048,4201,7,7,0,0,0
Fatehgarh Sahib,PB,2513,4804,2,1,1,0,0
Fazilka,PB,8408,5707,8,4,0,0,0
Ferozepur,PB,4483,4723,13,9,0,0,0
Gurdaspur,PB,18212,26825,3,3,1,0,0
Hoshiarpur,PB,6567,17487,10,12,2,0,0
Jalandhar,PB,13877,22309,20,12,1,0,0
Kapurthala,PB,5387,6146,2,7,0,0,0
Ludhiana,PB,41184,30055,16,24,1,0,0
Mansa,PB,5340,4111,0,1,0,0,0
Moga,PB,5076,6757,1,8,0,0,0
Pathankot,PB,1762,6090,20,7,0,0,0
Patiala,PB,7659,10721,6,15,0,0,0
Rupnagar,PB,1965,5708,20,7,0,0,0
S.A.S. Nagar,PB,4914,9234,18,21,0,0,0
Sangrur,PB,13224,9058,3,3,0,0,0
Shahid Bhagat Singh Nagar,PB,2473,4917,1,1,0,0,0
Sri Muktsar Sahib,PB,3942,5830,2,0,0,0,0
Tarn Taran,PB,8846,8145,0,3,0,0,0
Karaikal,PY,763,2980,53,63,0,0,0
Mahe,PY,109,1003,58,46,0,0,0
Puducherry,PY,7191,15005,163,202,0,0,0
Yanam,PY,259,1082,4,4,0,0,0
Ajmer,RJ,9133,56199,6,8,0,0,0
Alwar,RJ,21681,29417,0,0,0,0,0
Banswara,RJ,10612,22206,0,0,0,0,0
Baran,RJ,6599,15157,1,0,0,0,0
Barmer,RJ,5670,16673,1,0,0,0,0
Bharatpur,RJ,10069,22595,0,0,0,0,0
Bhilwara,RJ,5405,26146,0,0,0,0,0
Bikaner,RJ,6565,17712,2,1,0,0,0
Bundi,RJ,12488,24243,0,0,0,0,0
Chittorgarh,RJ,6118,29167,0,0,0,0,0
Churu,RJ,5483,26038,0,0,0,0,0
Dausa,RJ,5627,29672,0,0,0,0,0
Dholpur,RJ,4270,11868,0,2,0,0,0
Dungarpur,RJ,6673,19241,0,0,0,0,0
Ganganagar,RJ,11153,29478,1,0,0,0,0
Hanumangarh,RJ,5057,30733,0,0,0,0,0
Jaipur,RJ,24518,63582,16,9,0,0,0
Jaisalmer,RJ,2951,9700,0,0,0,0,0
Jalore,RJ,9304,26896,0,0,0,0,0
Jhalawar,RJ,2527,16443,0,0,0,0,0
Jhunjhunu,RJ,7946,42099,0,0,0,0,0
Jodhpur,RJ,7707,22507,0,3,0,0,0
Karauli,RJ,19063,20813,0,0,0,0,0
Kota,RJ,2612,26626,0,0,0,0,0
Nagaur,RJ,6806,36157,0,0,0,0,0
Pali,RJ,7082,26853,0,1,0,0,0
Pratapgarh,RJ,1130,25717,0,0,0,0,0
Rajsamand,RJ,4092,14945,0,0,0,0,0
Sawai Madhopur,RJ,8475,18843,0,2,0,0,0
Sikar,RJ,4520,20308,0,0,0,0,0
Sirohi,RJ,9007,15482,0,0,0,0,0
Tonk,RJ,2623,16223,0,0,0,0,0
Udaipur,RJ,16803,51655,0,0,0,0,0
East Sikkim,SK,528,10519,0,0,0,0,0
North Sikkim,SK,23,447,0,0,0,0,0
South Sikkim,SK,164,2223,0,0,0,0,0
Unknown,SK,0,0,79,76,2,0,6
West Sikkim,SK,67,855,0,0,0,0,0
Adilabad,TG,11894,12694,0,0,0,0,0
Bhadradri Kothagudem,TG,30988,31905,0,0,0,0,0
Hyderabad,TG,48855,123025,0,0,0,0,0
Jagtial,TG,50253,17153,0,0,0,0,0
Jangaon,TG,20821,11508,0,0,0,0,0
Jayashankar Bhupalapally,TG,4191,23712,0,0,0,0,0
Jogulamba Gadwal,TG,23908,6281,0,0,0,0,0
Kamareddy,TG,14692,16918,0,0,0,0,0
Karimnagar,TG,12731,45384,0,0,0,0,0
Khammam,TG,41893,68994,0,0,0,0,0
Komaram Bheem,TG,17465,4048,0,0,0,0,0
Mahabubabad,TG,36700,27419,0,0,0,0,0
Mahabubnagar,TG,32811,19635,0,0,0,0,0
Mancherial,TG,22489,15600,0,0,0,0,0
Medak,TG,34422,25162,0,0,0,0,0
Medchal Malkajgiri,TG,54568,93893,0,0,0,0,0
Mulugu,TG,4190,10660,0,0,0,0,0
Nagarkurnool,TG,30265,5469,0,0,0,0,0
Nalgonda,TG,105864,33747,0,0,0,0,0
Narayanpet,TG,14266,3428,0,0,0,0,0
Nirmal,TG,16044,8396,0,0,0,0,0
Nizamabad,TG,67852,21328,0,0,0,0,0
Peddapalli,TG,18954,19908,0,0,0,0,0
Rajanna Sircilla,TG,7398,17056,0,0,0,0,0
Ranga Reddy,TG,76853,93482,0,0,0,0,0
Sangareddy,TG,77693,32539,0,0,0,0,0
Siddipet,TG,35164,25015,0,0,0,0,0
Suryapet,TG,38975,24793,0,0,0,0,0
Unknown,TG,0,0,1189,1121,9,0,0
Vikarabad,TG,20014,5848,0,0,0,0,0
Wanaparthy,TG,13905,10313,0,0,0,0,0
Warangal Rural,TG,25045,13208,0,0,0,0,0
Warangal Urban,TG,21854,63907,0,0,0,0,0
Yadadri Bhuvanagiri,TG,38752,28567,0,0,0,0,0
Airport Quarantine,TN,0,0,1,1,0,0,0
Ariyalur,TN,19203,29689,35,44,1,0,0
Chengalpattu,TN,26704,39438,627,706,5,0,0
Chennai,TN,52515,124932,880,1093,12,0,0
Coimbatore,TN,20971,79387,869,988,15,0,0
Cuddalore,TN,51773,101735,129,132,0,0,0
Dharmapuri,TN,13388,27153,110,161,1,0,0
Dindigul,TN,19630,57260,58,51,1,0,0
Erode,TN,16741,46724,477,573,4,0,0
Kallakurichi,TN,22603,52087,66,118,0,0,0
Kancheepuram,TN,13961,24360,225,259,2,0,0
Kanyakumari,TN,17732,51185,120,102,0,0,0
Karur,TN,5882,32339,136,90,1,0,0
Krishnagiri,TN,15883,37027,134,160,1,0,0
Madurai,TN,26340,42498,99,122,3,0,0
Mayiladuthurai,TN,0,0,41,80,0,0,0
Nagapattinam,TN,8662,23176,97,121,10,0,0
Namakkal,TN,12694,28265,315,397,2,0,0
Nilgiris,TN,1613,31952,124,220,3,0,0
Perambalur,TN,4307,17440,26,27,0,0,0
Pudukkottai,TN,10691,34202,75,68,2,0,0
Ramanathapuram,TN,9961,32447,25,55,0,0,0
Ranipet,TN,10793,13744,69,73,2,0,0
Salem,TN,25814,66134,427,442,3,0,0
Sivaganga,TN,10170,31816,82,78,0,0,0
Tenkasi,TN,16935,21454,25,14,0,0,0
Thanjavur,TN,49025,31228,310,428,6,0,0
Theni,TN,11199,33309,15,23,1,0,0
Thiruvallur,TN,25332,47695,252,396,3,0,0
Thiruvarur,TN,13453,29614,170,253,5,0,0
Thoothukkudi,TN,46323,22453,85,90,1,0,0
Tiruchirappalli,TN,32150,48874,302,334,5,0,0
Tirunelveli,TN,22582,19904,93,125,1,0,0
Tirupathur,TN,11111,24743,50,66,0,0,0
Tiruppur,TN,20414,50762,504,537,5,0,0
Tiruvannamalai,TN,31415,73235,120,158,0,0,0
Vellore,TN,18978,31716,117,139,1,0,0
Viluppuram,TN,53748,67153,79,83,1,0,0
Virudhunagar,TN,16628,50467,38,45,0,0,0
Dhalai,TR,264,11234,1,2,0,0,0
Gomati,TR,319,9611,8,3,0,0,0
Khowai,TR,373,5866,3,0,0,0,0
North Tripura,TR,352,4099,4,8,0,0,0
Sipahijala,TR,451,10397,8,4,0,0,0
South Tripura,TR,267,5639,4,1,0,0,0
Unokoti,TR,762,10307,4,3,0,0,0
West Tripura,TR,1366,17141,55,41,0,0,0
Agra,UP,23657,42953,0,2,0,0,0
Aligarh,UP,34650,57576,0,0,0,0,0
Ambedkar Nagar,UP,21528,32042,1,0,0,0,0
Amethi,UP,19777,37617,0,2,0,0,0
Amroha,UP,16080,23048,0,0,0,0,0
Auraiya,UP,6878,16443,0,0,0,0,0
Ayodhya,UP,26036,37279,0,1,0,0,0
Azamgarh,UP,41754,63205,2,0,0,0,0
Baghpat,UP,7829,24151,0,0,0,0,0
Bahraich,UP,54069,106010,0,0,0,0,0
Ballia,UP,29248,48334,0,0,0,0,0
Balrampur,UP,21033,56322,2,0,0,0,0
Banda,UP,38560,36938,1,0,0,0,0
Barabanki,UP,51121,59870,1,0,0,0,0
Bareilly,UP,68245,64148,1,1,0,0,0
Basti,UP,24797,39395,2,0,0,0,0
Bhadohi,UP,15479,20211,0,1,0,0,0
Bijnor,UP,27491,53680,0,0,0,0,0
Budaun,UP,53729,43678,0,0,0,0,0
Bulandshahr,UP,18195,42644,0,0,1,0,0
Chandauli,UP,19998,31247,0,1,0,0,0
Chitrakoot,UP,13007,16383,0,0,0,0,0
Deoria,UP,29495,67895,0,0,0,0,0
Etah,UP,16622,25756,0,0,0,0,0
Etawah,UP,52312,35349,0,0,0,0,0
Farrukhabad,UP,15703,28433,1,0,0,0,0
Fatehpur,UP,13675,42615,1,0,0,0,0
Firozabad,UP,66838,47728,0,0,0,0,0
Gautam Buddha Nagar,UP,22023,43162,6,13,0,0,0
Ghaziabad,UP,47837,71692,3,2,0,0,0
Ghazipur,UP,22615,43797,0,2,0,0,0
Gonda,UP,22042,51150,0,0,0,0,0
Gorakhpur,UP,33169,69539,1,4,0,0,0
Hamirpur,UP,11985,14350,0,0,0,0,0
Hapur,UP,15823,21964,0,2,0,0,0
Hardoi,UP,29546,66612,0,0,0,0,0
Hathras,UP,16507,25542,0,0,0,0,0
Jalaun,UP,14119,21614,3,0,0,0,0
Jaunpur,UP,41689,67101,0,2,0,0,0
Jhansi,UP,10719,25914,1,0,0,0,0
Kannauj,UP,24440,44639,0,0,0,0,0
Kanpur Dehat,UP,27985,38783,0,0,0,0,0
Kanpur Nagar,UP,64788,66517,3,1,0,0,0
Kasganj,UP,8148,13675,0,0,0,0,0
Kaushambi,UP,38263,28403,1,0,0,0,0
Kushinagar,UP,16785,46465,0,0,0,0,0
Lakhimpur Kheri,UP,46453,51586,1,0,0,0,0
Lalitpur,UP,8010,13539,1,0,0,0,0
Lucknow,UP,69404,107763,10,10,0,0,0
Maharajganj,UP,20643,36312,0,0,0,0,0
Mahoba,UP,4765,8960,0,0,0,0,0
Mainpuri,UP,31507,37443,0,0,0,0,0
Mathura,UP,10807,23027,1,1,0,0,0
Mau,UP,25202,32390,1,1,0,0,0
Meerut,UP,25100,57600,13,3,0,0,0
Mirzapur,UP,24968,41785,0,1,0,0,0
Moradabad,UP,52013,39070,0,1,0,0,0
Muzaffarnagar,UP,15476,38924,1,0,0,0,0
Pilibhit,UP,9611,17989,0,0,0,0,0
Pratapgarh,UP,40603,47832,0,0,0,0,0
Prayagraj,UP,75719,79660,1,6,0,0,0
Rae Bareli,UP,33906,46996,0,0,0,0,0
Rampur,UP,23526,28753,2,0,0,0,0
Saharanpur,UP,19216,33326,0,0,0,0,0
Sambhal,UP,27630,23914,0,0,0,0,0
Sant Kabir Nagar,UP,44511,26920,0,0,0,0,0
Shahjahanpur,UP,185421,79519,0,0,0,0,0
Shamli,UP,12602,16389,0,0,0,0,0
Shrawasti,UP,7342,17808,0,0,0,0,0
Siddharthnagar,UP,18746,53973,0,0,0,0,0
Sitapur,UP,33825,52112,0,0,0,0,0
Sonbhadra,UP,21438,24430,0,0,0,0,0
Sultanpur,UP,14962,31247,0,0,0,0,0
Unnao,UP,26506,41790,0,0,0,0,0
Varanasi,UP,38187,55104,2,1,0,0,0
Almora,UT,729,10440,7,7,0,0,2
Bageshwar,UT,371,6323,1,0,0,0,0
Chamoli,UT,822,11652,4,4,0,0,0
Champawat,UT,754,6007,3,0,0,0,5
Dehradun,UT,5963,49795,30,24,0,0,2
Haridwar,UT,3960,52191,10,8,1,0,1
Nainital,UT,2285,16850,10,14,0,0,0
Pauri Garhwal,UT,2116,14253,3,5,0,0,0
Pithoragarh,UT,930,10608,3,6,0,0,0
Rudraprayag,UT,416,6212,0,3,0,0,0
Tehri Garhwal,UT,2235,15658,0,0,0,0,0
Udham Singh Nagar,UT,3588,48283,0,3,0,0,0
Uttarkashi,UT,1063,9910,4,0,0,0,2
Alipurduar,WB,38488,29790,31,35,0,0,0
Bankura,WB,220390,76120,161,133,1,0,0
Birbhum,WB,99629,84919,176,102,0,0,0
Cooch Behar,WB,122592,26214,77,93,0,0,0
Dakshin Dinajpur,WB,53398,21657,111,108,1,0,0
Darjeeling,WB,21148,69087,189,214,1,0,0
Hooghly,WB,274722,105570,472,497,2,0,0
Howrah,WB,207351,95203,518,473,2,0,0
Jalpaiguri,WB,53967,63773,102,120,6,0,0
Jhargram,WB,39020,19553,25,39,0,0,0
Kalimpong,WB,513,10626,18,28,0,0,0
Kolkata,WB,36977,206020,1843,1553,25,0,0
Malda,WB,227391,55976,77,51,0,0,0
Murshidabad,WB,621102,86224,48,40,1,0,0
Nadia,WB,251739,89327,302,326,8,0,0
North 24 Parganas,WB,235852,241201,1066,961,27,0,0
Paschim Bardhaman,WB,94473,72103,213,149,1,0,0
Paschim Medinipur,WB,270458,66132,181,198,1,0,0
Purba Bardhaman,WB,260764,51741,147,176,2,0,0
Purba Medinipur,WB,71724,144185,94,120,1,0,0
Purulia,WB,159111,40922,17,21,0,0,0
South 24 Parganas,WB,310444,169231,542,470,5,0,0
Uttar Dinajpur,WB,130243,44686,43,46,2,0,0
